,111CA,113FF,211,212,213,22,23,321,327,331,332,333,334,335,3361MV,3364OT,337,339,311FT,313TT,315AL,322,323,324,325,326,42,4A0,481,482,483,484,485,486,487OS,493,511,512,513,514,521CI,523,524,525,HS,ORE,532RL,5411,5415,5412OP,55,561,562,61,621,622,623,624,711AS,713,721,722,81,GFGD,GFGN,GFE,GSLG,GSLE
111CA,0.25490166334200526,0.011483271514742797,0.0,0.00024545418843027137,0.000177687998578496,0.0,0.0010881096297385368,0.0,0.0,0.0,0.0,0.0,0.0,0.0,0.0,0.0,0.0,0.0014856876656447317,0.2853344804431761,0.05194752937389345,0.0,0.0,0.0,0.0,0.026535488404778637,0.0,0.00041920718718793773,0.00038589968195517217,0.0,0.0,0.0,0.0,0.0,0.0,0.0002555444773068126,0.0,0.0,0.0,0.0,0.0,9.452537391874788e-07,0.0,0.0,0.0,0.0,5.533478732074493e-06,0.0,5.638361153946994e-06,2.100703525610727e-06,0.000948082644844746,5.97935714876113e-05,0.001665637838183018,0.0,0.0007189434608315686,0.0,0.0,0.0,0.0,0.0,0.003166144404849543,0.00019440399270454834,0.005043233834557956,3.526685014833237e-05,2.2425475339986224e-05,-4.9339711313349107e-05,0.0,0.001423607377018834,0.0
113FF,0.05793506923638975,0.14607920272751115,0.0,0.0009916349212582963,0.0,0.0,0.0,0.14039924392605227,7.854225573358467e-06,0.0,0.0,0.0,0.0,0.0,0.0,0.0,0.0015993288062714664,0.0018634048687747483,0.010030216551955682,0.0,0.004073579021068041,0.020734056848660812,0.00035744924220760654,0.0,0.0005775250750654826,0.010073098308392425,0.0,0.0,0.0,0.0,0.0,0.0,0.0,0.0,4.18925372634119e-06,0.0,0.0,0.0,0.0,0.0,0.0,0.0,0.0,0.0,0.0,0.0,0.0,0.0,0.0,0.0002155395260169315,3.8689958021395546e-05,2.1286106558249432e-06,0.0,0.0002070109575935256,0.0,0.0,0.0,0.0,0.0,0.0015765575020032705,0.0015658357957839075,0.006645619554487842,0.00018338762077132833,0.0,0.00012581626384904022,0.00018985138855196127,0.0018273300882724723,0.0
211,0.0,0.0,0.08560044725465955,0.0,3.7407999700736e-05,0.026183299973213475,0.0,2.7661241989765342e-05,0.0,8.973156801428526e-06,0.0,0.0,0.0,0.0,0.0,0.0,0.0,0.0,0.0,0.0,0.0,0.0,0.0,0.600662963327289,0.0071104580591579885,0.0,1.9475362935560405e-06,4.960150153665451e-06,0.0,0.0,0.0,0.0,0.0,0.000145614910966883,0.0,0.0006460261317570296,1.0381790339744089e-05,0.0,2.3200698805048008e-06,1.6427779374922994e-05,0.0,0.0,0.0,0.0,0.0,2.7667393660372466e-05,0.0,0.0,0.0,2.9126962975261016e-06,5.275903366553938e-06,0.0,1.729864378632715e-05,0.0005482992930855542,9.32540052595259e-07,0.0,0.0,0.0,0.0,0.0001498381096945257,0.0,0.0,4.232022017799885e-06,0.0,0.0,0.02015588908459989,0.0,0.06601288923892516
212,0.0046545259639621875,0.0,0.00043308109640385206,0.09588422416840121,0.00121575999027392,0.011199719901543705,0.012268325173039217,0.00016596745193859204,0.10665252906063462,0.051281591120164026,0.001680725657634451,0.0003489598616850003,2.2579543498079328e-05,0.000812851095336971,0.00015071060048126917,0.0007539522894223176,0.0002884035552292808,0.0005980522382891929,0.0022484052375356723,0.0015290519877675841,0.0,0.01378312888898483,0.0,0.009586241840558434,0.0096454353797994,0.0010767069590599003,1.4119638128281295e-05,1.9840600614661807e-06,0.0,0.0016086666918020836,0.0,1.9065569216187214e-05,1.2771228975364299e-05,0.0,1.2567761179023568e-05,3.2301306587851475e-05,0.00010641335098237691,0.00013931642076212716,0.00044545341705692177,0.0012485112324941475,0.0,0.0,0.0,0.0,5.4090255984595096e-06,0.0,0.0,0.0,0.0,0.0010988146782417217,0.00012310441188625855,0.0010909129611102832,0.0007784389703847218,0.001379140568832542,0.0,4.727165721430488e-05,0.00019681407220616275,0.0008108348926312037,0.001648249488690898,0.006749229636675158,0.0006998543737363741,0.0015644666685422327,0.002114600334894009,0.0,0.01148875177931334,0.0,0.0011701788191904037,0.02033597836549997
213,0.0,0.0,0.04924919486287078,0.01021089423869929,0.027298487781612098,0.0,0.0,0.0,0.0,0.0,0.0,0.0,0.0,0.0,0.0,0.0,0.0,0.0,0.0,0.0,0.0,0.0,0.0,0.0,0.0,0.0,0.0,0.0,0.0,0.0,0.0,0.0,0.0,0.0,0.0,0.0,0.0,0.0,0.0,0.0,0.0,0.0,0.0,0.0,0.0,0.0,0.0,0.0,0.0,1.6019829636393558e-05,3.517268911035959e-06,0.0,0.0,0.0,0.0,0.0,0.0,0.0,0.0,0.0,0.0,0.0,0.0,0.0,0.0,0.0,0.0,0.0
22,0.023396514541285215,0.001929489340976359,0.01598462955817854,0.0367199465891686,0.006817607945459136,0.023913827541186917,0.005911407470122931,0.01714997003365451,0.030757147345271758,0.023271882164504883,0.014052252663314842,0.007325513460069211,0.005582792129900114,0.006172839506172839,0.005556197471076124,0.00737860027118442,0.009006056474659815,0.006175676271175771,0.008936964915225784,0.017745050700144857,0.0012093437718795749,0.03356197281151005,0.017145648651224858,0.011128578136687002,0.018669903532869098,0.02079810903340315,0.007436180452870352,0.016774235789665824,0.0012018569536311739,0.0008923073056089683,0.004983902359168379,0.011877849621684634,0.003869682379535383,0.014519886836412048,0.006845240588841504,0.022215223605794854,0.0027252199641828235,0.003589056363443371,0.005072832793723747,0.006231604309554123,0.004404882424613651,0.0019023623882020765,0.0008186828409253225,0.018054028634795154,0.0002970046783154131,0.03339454414806957,0.0043902914625893255,0.0021820457665774865,0.0011490848285090676,0.004299139735148526,0.009238106794835946,0.0036718533812980267,0.01293938555217271,0.019053400434723013,0.0043232556838316205,0.01071884827334363,0.016712794964839985,0.006130268199233717,0.0053568108382454184,0.022377995947856336,0.023275459853808196,0.024100615144869126,0.009184898452631683,0.005623988851335117,0.002962849664366614,0.02945860712364599,0.00937024545988248,0.008033897061106736
23,0.003906161115872667,0.0006181859053613578,0.000708678157751758,0.02640105250755999,0.019676607842587138,0.015607895907989345,0.00015716434954872284,0.002839887510949242,0.006416902293433868,0.0039481889926285514,0.0036271330343451377,0.002379271784215911,0.0014930723138104956,0.0011428203518598998,0.0012726672929529398,0.0015287649188681775,0.001651765816313154,0.001850814295337081,0.0016891891891891893,0.0017503621438918397,0.0002545986888167526,0.004883998294648109,0.0035149175483747976,0.01722182730659084,0.002542643582699802,0.002881032292796999,0.001637391138807241,0.0033441332336012477,0.000960639184768579,0.030087094220110848,0.001236880877457846,0.0015279691900401467,0.003997394669289026,0.009777001164919287,0.005479543874054276,0.006565240563980813,0.000350385423966363,0.0007164844496337969,0.0027110016553698597,0.0015140936657220693,0.0056053546733817496,0.0023447299100519373,0.0006365402884946302,0.0006545459167137982,0.03725540140378966,0.034110734395392354,0.0018266594785561075,0.0004989949621243089,0.00012604221153664363,0.0011279416412169829,0.0012961135937167509,0.0008514442623299772,0.001124411846111265,0.005566916292042107,0.0006686312177108007,0.0013117884876969602,0.0023822703323287614,0.0021384656508954825,0.0010603068357127423,0.0031400856031635386,0.00992874210012866,0.002047628774933305,0.004684848373704472,0.015758701885341748,0.0016084745888151808,0.005695541656558838,0.013922263103799048,0.14635750559634608
321,0.0013652601958389903,0.0025289423401146454,0.0,0.0034461768055610103,0.0037595039699239684,1.0545875613506314e-05,0.038912118512059196,0.27762666543727815,0.0017279296261388628,0.0017677118898814198,0.0005486905067878791,0.0026383480451638657,0.0010330141150371292,0.004249360181563571,0.0063750584003576865,0.0008582539895400295,0.104008809417687,0.008454570063393537,0.0003367886520060433,0.0011467889908256881,0.0,0.031020135025013627,2.38299494805071e-05,0.0,0.00032837155816776336,0.005774682245270481,0.0032299889428626933,0.0009761575502413609,0.0,0.03371916198519524,0.0,0.0004766392304046803,0.0,6.240639041437844e-05,0.0003686543279180247,0.0008802106045189528,0.00015832230268109736,0.0004179492622863815,0.0010057502931988312,0.0024340493107177573,0.00013706179218218441,7.2817699069935936e-06,0.0,0.0,1.819399519481835e-05,0.005916869758511083,0.001204390864982049,2.8191805769734967e-05,5.2517588140268176e-05,0.000704144329926935,8.793172277589898e-06,0.0012888737521020031,0.0002162330473290894,9.791058805099183e-05,0.0003795438014062704,0.000421899540637671,1.2300879512885172e-05,0.003247794707297514,4.0201207041241414e-05,0.001335513586407729,0.0025519942315033435,0.0009100572333036913,0.0006785341968539148,3.2036393342837464e-05,0.00017022200403105442,5.273649681998924e-05,0.0011494637892461668,0.0008242789676188218
327,8.596082714541791e-05,0.0014611666853995729,0.002716599604715072,0.005822173349566037,0.012400751900793984,0.00016873400981610103,0.06485754445913283,0.0079018947950763,0.1476358781024191,0.01172342936106637,0.0051374758503980895,0.007780218734386029,0.0013999316968809183,0.01679623996008177,0.012930969521292896,0.001665847153308599,0.005925382134710679,0.007396961894629491,0.004805271109618935,0.0008852406244970224,0.0,0.003820851704542388,1.191497474025355e-05,0.00411846479074524,0.002897847058071935,0.009463244757362405,8.374406062290974e-05,0.0008065204149860025,0.0,0.00022621875353466802,0.0,0.0006073745621728213,0.0,0.0,0.00013824537296925927,0.0007510053781675469,1.2977237924680112e-05,1.3268230548774015e-05,0.0045102158477013325,0.002160252987802374,7.845606035256074e-05,8.191991145367793e-05,2.2048835294241706e-05,0.0,9.244516477367162e-05,0.0001027646050242406,0.002021656094791296,2.819180576973497e-06,0.0005797941730685607,0.00354693591631241,0.00013893212198592037,0.0013410247131697142,0.0025947965679490727,0.0003972372429497383,0.0030466083518287113,0.0034106500680120967,0.0009471677224921582,0.0021429207876681815,7.035211232217247e-05,0.0012833959830357202,0.000600885068359513,0.0033637868166467083,0.0024404660302646,0.0002450784090727066,0.0020722678751606623,0.0,0.0008396198307185382,0.009507436859384218
331,0.00020984554861969666,0.0,0.011842799436207155,0.005684719004045085,0.005218415958252672,1.0545875613506314e-05,0.0035862623149041234,0.0021760177031948736,0.012268300345585926,0.30808436562024705,0.22321307385085437,0.11166979937451589,0.017247948789595346,0.12958134144574823,0.07664638771809079,0.03777509573406047,0.04841246952098791,0.03263476635043343,0.0023659140506966593,0.0017503621438918397,0.0,0.005628740576041964,0.0001906395958440568,2.9696005701633096e-05,8.049575161310931e-05,0.008441214323567264,0.00025512725445584134,0.000307529309527258,0.0,0.009073885558446128,0.0,0.0,0.0,0.0,0.0011227199986594389,0.0,5.969529445352851e-05,3.9804691646322043e-05,0.0005626169460224142,0.0009035278656207647,0.0,0.0,0.0,0.0,4.917295998599554e-07,0.002193629068786674,0.0002064670054254941,0.0,0.0,0.0010281817930267137,7.913855049830907e-05,0.0005736605717448222,0.0032521450318295044,0.00044759125966167693,0.0001818453102560755,2.363582860715244e-05,6.150439756442585e-05,0.0011806112447652142,0.00011557847024356906,0.002345292151740402,0.000116642395622729,0.00013822105828402838,0.0011567526848653019,0.00024027295007128099,0.001381511916773775,0.0,3.922633329866137e-05,0.0017021925255964025
332,0.005134895292127758,0.003858978681952718,0.02403600085041379,0.010888347798766839,0.01267195989862432,0.0023074375842351814,0.07450033777660608,0.027513715365819924,0.01475808985234056,0.01988900205036633,0.12130103182693724,0.0811701787361837,0.02556286568276306,0.08317639673571876,0.048108498235848694,0.0526067974907991,0.067774835478881,0.03247738418246259,0.017353533657881483,0.008268952197006277,0.0017821908217172681,0.03510542420628282,0.011295396053760365,0.0023942404596941683,0.01327796588513384,0.037339860869272636,0.001438742436864525,0.0019949723918042447,0.0009352478406777796,0.005869119883371665,0.046564927151354206,0.005332912075042081,0.005019092987318169,0.0382759194541521,0.0031042370112188216,0.007251643328972657,0.003028887331620338,0.00018575522768283622,0.014749844265309271,0.004394430982791901,0.00038471827184930385,0.0003240387608612149,0.0,0.0002541925890150673,1.4751887995798663e-05,0.0022774217467295163,0.004677051192346957,9.02137784631519e-05,0.00627060002394802,0.004176806490652429,0.0010551806733107877,0.002936418399710509,0.03323069471353446,0.001373545678086771,0.0003814088815114609,0.0017750507283971482,0.00013530967464173689,0.01260803706673795,0.00024120724224744848,0.004026084860487691,0.005754358184054631,0.004175988433466131,0.009596815262364205,0.011747745438818498,0.0035080534743791216,0.002362595057535518,0.0022319342901620355,0.017100965704913776
333,0.005820053649669177,0.0016110299351841445,0.025689583218501226,0.04729411302674469,0.0651740874786073,0.0033978811226717345,0.03164073243656707,0.004481121202341985,0.0010760289035501099,0.007465666458788534,0.019004906448268594,0.10582736532660793,0.0014563805556261167,0.015355642474286542,0.05343193155729264,0.01709951872215517,0.0015337825437193571,0.007566934636037998,0.004510449890884674,0.0005230967326573314,0.0001272993444083763,0.004247189677224378,0.0194690687255743,0.0001466240281518134,0.006227560212099917,0.008929097164391282,0.0012766100404259847,0.0008134646252011341,5.50145788633988e-05,0.0005152760497178549,0.0016916164941702895,0.0016941120074954923,0.0009322997152015938,0.001601764020635713,0.016325521771551617,0.014479060678004425,0.0003374081860416829,0.0003383398789937374,0.0019326182104604992,0.001815269620928991,8.50728365268731e-06,8.374035393042633e-05,0.0006010704230212848,0.0,6.441657758165416e-05,0.0001059265928711403,0.002813112948922357,8.45754173092049e-05,0.004955559616915705,0.0020396155823426527,0.0005416594122995376,0.003994337895655506,0.04393855521727097,0.0072957375324853345,0.0007721431635488744,0.0008733438670342825,0.0007380527707731103,0.0007841040719950102,0.000170855129925276,0.0012833959830357202,0.00035346180491736064,0.0009357443326308115,0.011085076338623831,0.0013567412580691666,0.000606878449154194,0.0013922435160477159,0.0023456465821963574,0.00673819827296619
334,0.00020478902937584855,1.8732906223071447e-05,0.0001653582368087435,0.00035345403133959076,0.002169663982642688,0.0003163762684051894,0.0059747801917151575,0.009948826702318935,0.004948162111215834,0.005742820352914257,0.01636252848136907,0.02045380643830945,0.12302746519222248,0.03143560770679415,0.0254751151680172,0.07114865972315348,0.013292782045567761,0.014126623397062619,0.0031832298136645963,0.006096088845968131,0.001336643116287951,0.005612550526446446,0.01265370317414927,0.0006625921272176885,0.007226729700376924,0.009778686249274485,0.019440307282276397,0.0017549011243668368,1.692756272719963e-05,0.0013196093956188968,1.8189424668497736e-05,0.0007462808521764709,5.1084915901457196e-05,0.00016641704110500916,0.0006116310440458137,0.0013324288967488736,0.008427418308287265,0.003463008173230018,0.021815617086386643,0.017290237792106453,0.0008630166638781681,0.001987923184609251,5.94359907931733e-05,0.01124166724919135,9.834591997199108e-07,0.0008031449131125264,0.0005219027081588878,0.004479677936810886,0.013996987591144275,0.007508202880947908,0.013233724277772795,0.007240469145788544,0.008415790202048159,0.003530376060581477,0.009414924371001734,0.0008213450440985472,0.0006642474936957993,0.003368083400160385,0.0001507545264046553,0.0010293226665971766,0.0015481627055380395,0.0002324070891501362,0.005747085900172243,0.0342180717294847,0.008145986337833937,0.0,0.001195742047632228,0.005992959754297119
335,0.00515512136910315,0.002098085496984002,0.00044882949990944666,0.0005989082197698621,0.00505007995959936,4.8511027822129044e-05,0.03377259079092959,0.003937116776543266,0.0007461514294690543,0.005217890680030688,0.00804553553637385,0.03996383506887992,0.009618885530181793,0.08723260418175673,0.011510940752313827,0.007685545274387973,0.0016124380587818883,0.00601829410320493,0.001478302836998489,0.000744406888781587,6.364967220418815e-05,0.002590407935282975,0.000977027928700791,0.0002487040477511772,0.0014182584808024022,0.004235327764739529,0.00024392892076789409,0.00039780404232396923,4.231890681799908e-06,0.003971395895386394,0.0003819779180384524,0.0004221661755012883,0.0022860499865902098,6.240639041437844e-05,0.0005278459695189899,0.0018977017620362743,1.2977237924680112e-05,0.0,0.005805974875963264,0.0007775815570796884,0.00024293021097118205,0.00014563539813987187,2.3007480307034825e-05,0.0,3.933836798879643e-06,0.001867153823594279,0.0007828540622383317,2.819180576973497e-06,0.007486907365276631,0.00448700864633896,0.0001969670590180137,0.0024032014304263606,0.01136520896761694,0.0019526168702740658,1.678572094671466e-05,0.0011617009760415424,0.004141296102671341,0.0028022810300276217,0.00029648390192915544,0.0027492035778734713,0.004298095547795105,0.0005908032845237673,0.007222650910378469,0.003866792676480482,0.008382816952138014,0.0005168176688358946,0.0007858489019271148,0.011627414615143586
3361MV,0.002925196382566133,0.0025289423401146454,0.0033740954510736473,0.012822526803597377,0.007537711939698304,0.00010967710638046566,0.00204947381629262,0.02111474805218754,0.005867106503298775,0.0034008264277414118,0.005865212733085171,0.042417128641938105,0.003488539470453256,0.007162747275741626,0.3422654482551899,0.01633662628700848,0.008429249364201254,0.007006654118061807,0.007285546415981199,0.00187107677450507,6.364967220418815e-05,0.00990831035245738,0.002704699266037556,0.0004305920826736799,0.0026244170446559764,0.003444621091679915,0.005306549515866821,0.007159480731800713,0.0,0.0012190677273812667,0.0,0.02946992270273509,0.011660132054507605,2.0802130138126145e-05,0.001260965371628698,0.020269069883876802,0.0011939058890705703,0.0007430209107313449,0.0019859798177121095,0.0006927046969759196,0.00017865295670643349,4.733150439545836e-05,0.0,0.0,0.0,0.0,0.006945320654729815,0.0,0.0003319111570464949,0.0034282435421882215,0.0013066654004498586,0.017495050980225208,0.0167883337946305,0.001826731828494219,0.000734841561445064,0.0020894072488722754,0.0006478463210119524,0.014510380468680388,0.0007437223302629661,0.0009837197636466688,0.0009225353108343112,0.0015791450110148727,0.0329462914085721,0.011874289192522706,0.0003552459214561136,0.04780036071763825,0.00423335877902969,0.004567408800024841
3364OT,0.0,0.00011239743733842868,0.0,4.909083768605428e-05,0.0,0.0,4.0558541819025254e-05,0.00010142455396247291,0.0,0.0,0.0001530557729460926,0.0002828689787901139,0.0,0.0,0.0007769968735923212,0.19307734716075872,0.0,0.0,0.0,0.0,0.0,0.0,0.0,0.0,0.0,0.0,0.0,0.0,0.007232301175196043,0.014364890849451419,0.03637884933699547,3.5407485687204825e-05,0.0007790449674972222,0.0,0.010908816703392457,0.0,0.0,0.0,5.800174701262002e-06,0.0,0.0,0.0,0.0,0.0,0.0,0.0,0.0,0.0,0.0,0.0014213957931927374,0.00011255260515315068,3.405777049319909e-05,0.0004324660946581788,0.0,0.0,0.0,0.0,0.0,0.0,0.0001824116118020313,0.0,0.0,0.0003808819816019896,0.07770907751205369,0.0005032650553961609,3.1641898091993545e-05,0.0,0.00017501813696016078
337,0.0,0.0,0.0,0.0,0.0,0.0,0.017151193371720302,0.006675579733530035,7.854225573358467e-06,0.0,0.0,0.0009411341724231825,0.0003189360519103705,8.048030646900704e-06,5.8609677964938015e-05,0.0013708223444042138,0.06116777221362838,0.0014101442250187284,0.0,0.0,0.0,0.0,0.0,0.0,0.0,0.001589825119236884,0.0004255366801419949,0.0016566901513242608,0.0,0.0,0.0,0.0,0.0,0.0,0.0,0.0,2.5954475849360222e-06,0.0,0.00020648621936492727,0.0008898380494749955,0.0,0.0,0.0,0.0,0.0037661570053273987,8.379267794284233e-05,0.0,3.664934750065546e-05,8.402814102442908e-06,0.0004733131483479915,1.2310441188625856e-05,3.1929159837374146e-06,0.0,0.0,0.000259246134621482,0.00012763347447862316,4.100293170961724e-06,0.0008197451661766016,0.003110568394816054,0.004755731307695816,7.069236098347213e-06,0.00036206578099179116,0.0010297920243313053,0.0,0.0,0.0015082638090516923,6.61117976943731e-06,0.0011630237488320363
339,0.00034131504895974757,1.8732906223071447e-05,8.267911840437176e-05,0.0003338176962651691,0.000271207997830336,0.0,0.0012731579767878394,0.0002766124198976534,0.0010367577756833176,0.0001345973520214279,0.00021370051317001607,0.00761102607417512,8.467328811779747e-06,0.00537608447212967,0.004733987417339422,0.0005751493749348114,0.00022285729267717156,0.06385938847584813,5.8754406580493536e-05,0.0002213101561242556,0.006619565909235567,0.0,5.9574873701267756e-05,7.424001425408274e-06,0.0006644093783939181,0.0006140594375888494,0.0005190184222326848,0.002204290728288927,0.0,1.2567708529703778e-05,0.0,2.723652745169602e-05,0.0003703656402855647,2.0802130138126145e-05,0.0009132573123423793,0.001413182163218502,1.8168133094552157e-05,1.3268230548774015e-05,0.0002656480013177997,0.00026832039645707556,0.00013989755339974686,4.915194687220676e-05,1.1503740153517413e-05,0.0,0.0,0.0003138272938047963,0.00018639382434245994,4.7926069808549446e-05,0.00011343799038297926,0.001741064211846227,2.989678574380565e-05,0.0025128248792013453,0.0028283282590644892,0.0013120018798832905,0.025680287968368243,0.042273861255322495,0.0042274022592615375,0.008500400962309543,0.0006633199161804834,0.002443012658062919,0.0002721655897863677,0.0010507246819998262,0.0035323277108569705,0.0017988434862003235,0.0013963138301677797,0.0,0.0031090174729073855,0.00012420641977817863
311FT,0.10155766075306741,0.005001685961560077,0.0,0.0,0.0,0.0,0.0,0.00023973076391129962,0.004791077599748665,3.140604880499984e-05,0.0,0.0,0.0,0.0,0.0,0.0,0.0,3.777172031300166e-05,0.2198789239550109,0.0007242877836793819,0.01476672395137165,0.0027145316488486177,0.0038247068916213898,0.0010282241974190458,0.007915415575289082,0.0009799715682068623,0.0015034980186252633,0.0022419878694567843,0.0035928751888481218,2.5135417059407557e-05,0.009985994143005257,0.00011711706804229288,0.0,0.0,5.864955216877665e-05,0.0,0.00014534506475641725,0.00015258465131090117,0.0,0.00024367872739469108,0.0,0.0,0.0,0.0,0.0,0.0,0.0,0.0,0.0,0.005788983891333126,0.0002462088237725171,0.0,0.0,0.025993862404851888,4.662700262976295e-06,0.00947678548003777,0.02754576952252086,0.0677537200392052,0.007211091513022678,0.052000338764421915,0.0353815266722278,0.12440873801727396,0.0037425181377410315,0.007366768649185475,0.00019982583081906387,0.014006813555389143,0.02473727171596256,0.0
313TT,0.0003059194142528108,0.0014049679667303585,0.0,1.963633507442171e-05,0.0,0.0,0.002353029152719387,0.005144991010096353,0.002803958529688973,0.0,2.887844772567785e-06,0.0021968609474260245,2.822442937259916e-06,0.0,0.006120524941767099,0.006106119529748335,0.053249783697333575,0.01428400556503346,0.00024970622796709755,0.18402945436986962,0.09445611355101521,0.022374648541006698,0.003395767800972262,6.681601282867446e-05,3.833131029195681e-06,0.01337051337051337,0.0017810219404569992,0.0019037056289768004,0.0,0.0,0.0023100569328992123,8.443323510025766e-05,0.0,2.0802130138126145e-05,0.000465007163623872,8.07532664696287e-05,5.1908951698720444e-06,0.0013268230548774016,1.0440314462271604e-05,1.9165742604076827e-05,0.0,0.0,0.0,0.0,4.917295998599554e-07,0.0001802333072732835,0.0006968261433110425,0.0,0.0,0.0003757378223808671,3.8689958021395546e-05,0.00014261691394027118,0.0016433711597010794,0.00015945438625447243,7.27381241024302e-05,0.0005471694322555789,0.00958648543370851,0.007110398289227479,0.0,0.004110775965967205,0.007769090472083587,0.0004342342981489387,0.001324622891571364,0.002396322222044242,0.0010632707788026732,6.328379618398709e-05,0.0012389350887925517,5.081171718198216e-05
315AL,0.00015169557731544337,0.0,0.0,0.0,0.0,0.0,0.0,0.0,7.854225573358467e-06,0.0,0.0,0.0,0.0,0.0,0.003625427222688309,0.0,0.0,0.0009128165742308734,2.3082088299479602e-05,0.00549251569290198,0.08134428107695245,0.0,0.02714231245829759,2.598400498892896e-05,0.0,4.205886558827735e-06,0.0004167727668209927,0.00037399532158637506,0.0,0.0,0.0,0.0,0.0,0.0,0.0,0.0,0.00022580393988943392,0.00015258465131090117,0.0007876637244313799,0.0,0.0,0.0,0.0,0.0,0.0,0.0,0.0003441116757091568,0.0,0.0,2.038887408268271e-05,1.5827710099661814e-05,0.00023734008812448116,0.0011503598117907556,0.0003273011086276013,5.315478299792976e-05,8.508898298574877e-05,0.0,0.0028379221242092133,0.0006733702179407936,0.0002605880168600447,5.30192707376041e-05,0.00022751430832592282,0.0032741743677711776,0.0004725368018068526,0.0001603540617683846,0.0008648785478478236,0.0012429017966542142,0.0001100920538942947
322,0.001484088398069421,0.0,0.0001771695394379395,0.0015512704708793151,0.000729455994164352,7.38211292945442e-05,0.0022624061608425023,0.010548153612097183,0.015292177191328934,0.006348508437010683,0.006613164529180228,0.0067069027961730735,0.0022579543498079326,0.010695832729731035,0.0078084836671573135,0.002720784348784885,0.022351275530269263,0.014384730152534797,0.02801221252308209,0.0079671656204732,0.001336643116287951,0.28695783571417005,0.1393694595367458,0.000677440130068505,0.009549607104069508,0.020676138323197146,0.003975895343294657,0.0016328814305866667,0.00012272482977219732,0.0006535208435445965,0.00012732597267948415,0.0007081497137440965,0.013116052157699135,0.000873689465801298,0.01133612058347926,0.0025679538737341926,0.004980663915492227,0.00045775395393270353,0.000605538238811753,0.0006215176530179199,0.0015407635948755905,0.0007736880526180693,0.00045056315601276533,1.2709629450753364e-05,4.917295998599554e-07,0.0010995812737593744,0.0038569183652401324,0.00137857930214004,0.0014263776938896837,0.0024859862899385275,0.0009971457362786943,0.006277272824027757,0.003511624688624412,0.0008448285026114152,0.0016459331928306321,0.0023813097321706083,0.004653832749041556,0.005943152454780362,0.0004522635792139659,0.0011661313754487,0.015174115285102293,0.006086619345321462,0.001736539701303886,0.0002851239007512534,0.006268610322361004,0.0021200071721635674,0.005000255632284418,9.597768801041076e-05
323,4.04521539507849e-05,0.0,1.9685504381993276e-05,1.963633507442171e-05,0.0,2.5310101472415153e-05,3.2320088012035745e-05,5.5322483979530684e-05,0.0,0.0,4.042982681594899e-05,2.379271784215911e-05,0.0,2.414409194070211e-05,8.372811137848289e-06,0.0,0.0,0.0,6.819707906664429e-05,0.0,6.364967220418815e-05,0.0,0.0186231055190163,5.568001069056205e-06,0.00036414744777358974,0.0,0.006506231872697343,0.006219036262665743,3.808701613619917e-05,0.00016338021088614912,0.0,0.0007217679774699445,0.00145592010319153,0.00010401065069063072,0.0013573182073345455,0.0001615065329392574,0.013197850969399672,0.003137936524785055,0.0007285019424785075,0.010653414924637563,0.0014935009079162164,0.0023137823879472146,0.003917982167285472,0.0,0.0,0.00016442336803878493,0.0015255617623105952,0.0028896600913978342,0.000930611661845552,0.0044272983722396745,0.0021859826282088486,0.003721875731709913,0.00017298643786327152,0.0025680548523088717,0.0017559729190368726,0.003722643005626509,0.0005945425097894499,0.01173928539606166,0.004618113658862608,0.0015895869028462726,0.0041496415897298135,0.0012941405280044427,0.002913041822252254,0.0009402681446122796,0.0044529089460297565,0.0006117433631118752,0.0037701354498511164,0.0014509568128632684
324,0.029810709202106545,0.010940017234273725,0.013244407348205076,0.044044299571927896,0.028458135772334914,0.03303811912199258,0.03603563067898801,0.01068645982204601,0.005851398052152058,0.006676028660262824,0.003474077261399045,0.0026251298685848884,0.0006322272179462211,0.005577285238302187,0.00097794434090068,0.0008195133580677365,0.0044047088435017435,0.0059805223828919285,0.0032850008393486654,0.0017704812489940447,0.00031824836102094077,0.010037830749221528,0.008066437899151653,0.03667085504080417,0.01824187056794225,0.0036633271927389572,0.003111189228955775,0.0023659916232984207,0.11737571995040225,0.08336161067752516,0.12485221092456845,0.09743867695844251,0.047815481283763936,0.0023922449658845065,0.04986468710463918,0.05187589838008948,0.000700770847932726,0.0005970703746948307,0.0007853436545508751,0.002026092789573836,0.008781407237051678,0.007227156632691142,4.122173555010406e-05,0.010288445040384847,4.130528638823625e-05,0.006633060005833868,0.007057156949335291,0.00019452345981117128,0.0038127768989834696,0.0017184908155403998,0.0020066019137460144,0.006803039656016518,0.017393786327151953,0.004081472799039917,0.0009054963910699965,0.0018979570371543408,0.003874777046558829,0.002953755680299385,0.0012110613621173975,0.006136847797054052,0.004287491693647585,0.0054591202046160945,0.004543780973111143,0.018654791843534253,0.004075460154482636,0.022086044868211495,0.03490967365453677,0.07645187424664572
325,0.08175380313453628,0.04992319508448541,0.018606738741860043,0.023435965911322312,0.02120098383039213,0.005205444202826716,0.012016735468318076,0.0351943202249781,0.036930568645931514,0.009516032787914953,0.022040031304237335,0.009374330829810689,0.008622563173329044,0.023733642377710175,0.02137076314824397,0.006866031916320236,0.03468708214257623,0.04669214159358888,0.009170933355715965,0.26372122967970385,0.008974603780790529,0.06313040005612551,0.05952721380230674,0.06798343705281991,0.31315658340254265,0.31203051791287084,0.0012396068508484198,0.0012459897186007614,8.463781363599816e-06,0.003908557352737875,0.00021827309602197282,0.0008470560037477461,0.0003575944113102004,6.240639041437844e-05,0.0006870376111199551,0.006621767850509553,0.002021853668665161,0.0014329688992675937,0.0010973930534787708,0.0018097936944706833,0.000134226030964622,0.0002275553095935498,6.902244092110447e-05,0.0,0.0003461776383014086,0.011338097922020637,0.00033264128651885156,0.0007527212140519237,0.0007856631185784119,0.012289393853337003,0.0019221874598811515,0.010845271291428085,0.019435026293938555,0.0027303066839362293,0.041303131469496615,0.029100432181126082,0.014998872419377985,0.0032834358014791052,0.003160819903617606,0.007856728708330348,0.0003287194785731454,0.0014996373226214051,0.00864037828634143,0.012204264043953932,0.008913218848756515,0.0010125407389437934,0.01699690244190536,0.009439687903141576
326,0.005198101782675859,0.0020418867783147878,0.00025591155696591257,0.01778070140988886,0.00815494393476045,8.858535515345304e-05,0.02997466358590743,0.012650408003319348,0.01035186930568646,0.0024810778555949876,0.007401546152091233,0.035311036913079914,0.010124102815951318,0.02118241666264265,0.041095431626786964,0.016244244781189934,0.06234760493956635,0.03736252667627747,0.02420471713949975,0.008550619668437148,0.006555916237031379,0.01744747678077054,0.037067486416928794,0.0011228802155930015,0.01710854149364339,0.09108267931797344,0.010789837950373854,0.005124827138767145,0.0020609307620365553,7.540625117822267e-05,0.0,0.0033609874875392886,0.0012260379816349727,0.0016433682809119654,0.014071703266780056,0.003149377392315519,0.0010693244049936412,0.0005838021441460567,0.00713305484761201,0.001128040850411379,9.452537391874787e-05,0.00021299176977956262,0.00039304445524517825,0.0,9.342862397339153e-06,0.0006403025389971913,0.0057552677762356475,0.00011840558423288687,0.005321082030371972,0.0054147024171010225,0.00024269155486148115,0.003369590668170885,0.004255466371436479,0.0020421351222064013,0.009994964283715985,0.004709438849975123,0.008130881358017098,0.006927737681546823,0.0002613078457680692,0.001947895426028834,0.0006892505195888533,0.010932918751704828,0.00927377091500548,0.00341187589101219,0.0024768535079301253,0.0003269662802839333,0.004469598269457584,0.010673283481393032
42,0.004614073810011402,0.00018732906223071447,0.0006378103419765821,0.0005105447119349645,0.0,0.002843168065401302,4.943072284193702e-05,0.0019547277672767507,0.0025133521834747093,0.0035623432501671252,0.0025499669341773543,0.0050625616297483,0.0033728193100255994,0.014132341815957634,0.004911491013461806,0.00018774306021188144,0.005597650821950132,0.011092295198584819,0.004016283364109451,0.0020320296153227106,0.0010183947552670103,0.006346499441443289,0.0016680964636354972,0.0002301440441876565,0.0059196320194211975,0.012382130029188853,0.019813747366565767,0.011678177521789939,0.0007067257438605846,0.0,0.0,0.00024240509432009458,0.0,0.00010401065069063072,0.0,0.0,0.0017103999584728387,7.297526801825708e-05,0.002338630439548839,0.00013416019822853778,1.512405982699966e-05,4.733150439545836e-05,6.231192583155265e-05,3.812888835226009e-05,0.0,0.0,0.03086394971381379,0.0,0.0008402814102442908,0.0,0.0,7.662998360969795e-05,0.00024218101300858014,8.112591581367895e-05,6.34127235764776e-05,2.8362994328582925e-05,0.0,0.0,0.0,0.00029316151896755026,0.0,5.259739386029398e-05,8.46404403559977e-05,0.0,0.0,5.273649681998924e-05,1.0577887631099695e-05,0.0
4A0,0.0,0.0,0.0,0.0,0.0,0.0,0.0,0.0,0.0,0.0,0.0,0.0,0.0,0.0,0.0,0.0,0.0,0.0,0.0,0.0,0.0,0.0,0.0,0.0,0.0,0.0,0.0,0.00029562494915846095,0.0,0.0,0.0,0.0,0.0,0.0,0.0,0.0,0.0,0.0,0.0,0.0,0.0,0.0,0.0,0.0,0.0,0.0,0.0,0.0,0.0,0.0,0.0,0.0,0.0,0.0,0.0,0.0,0.0,0.0,0.0,0.0,0.0,0.0,0.0,0.0,0.0,0.0,0.0,0.0
481,0.0,0.0,3.937100876398655e-06,0.00013745434552095198,0.0031796799745625604,0.0026913074565668113,0.0002667991579032755,0.0011433313355769675,0.002002827521206409,0.0007986109553271388,0.0014034925594679434,0.0009120541839494325,0.00019757100560819412,0.0002575369807008225,0.0004152914324372751,0.0004172068004708477,0.0020581526441362315,0.0012779432039232226,0.0005413798892059761,0.00046273941735071626,0.00019094901661256445,0.0009174361437460537,0.002704699266037556,0.00022457604311860028,0.00038331310291956814,0.0018590018590018591,0.005025130521447973,0.0003938359222010369,0.0013626687995395702,0.00031419271324259446,0.004074431125743493,0.009674414550842426,0.0006130189908174863,6.240639041437844e-05,0.006782401782946386,0.004183019203126767,0.0016714682446987983,0.0014396030145419807,0.0010161906076611028,0.005645680178515203,0.006739659160406724,0.006469852562363808,0.00014954862199572635,0.005109271039202852,8.851132797479197e-06,0.011766547275275548,0.00437882107339902,0.003569082610448447,0.01016740506395592,0.0042532647684624895,0.0009619730471683347,0.006396475020753954,0.005129047882646001,0.0027946479275125953,0.0029505567264113994,0.0004266267063591015,0.001472005248375259,0.00314087142475274,0.0008593008005065352,0.0015374692994742636,0.00086244680399836,0.002503880586791204,0.0014261914199985612,0.0093722468724471,0.01020838627073193,0.004007973758319182,0.0018114632568258227,0.00024276709320280367
482,0.0,0.0,0.0,0.0,0.0,0.00022146338788363258,6.337272159222696e-07,0.0,0.0,0.0,0.0,0.0,0.0,0.0,0.0,0.0,0.0,6.295286718833609e-06,0.0,0.0,0.0,0.0,1.191497474025355e-05,0.0,0.0,0.0,5.3070363999402104e-05,3.571308110639125e-05,0.0,0.00033932813030200206,0.0,0.01149109093187055,0.0,2.0802130138126145e-05,0.000640955820130202,4.037663323481435e-05,0.0,0.0,0.0003526506218367297,2.7379632291538324e-06,1.2288298609437224e-05,1.092265486049039e-05,0.0001294170767270709,0.0,0.0,0.0,2.580837567818676e-05,8.73945978861784e-05,3.361125640977163e-05,0.000187140737116052,3.517268911035959e-06,8.94016475446476e-05,0.0,0.0,6.5277803681668125e-06,2.481762003751006e-05,0.0,0.0,0.0,0.0,0.0,0.0,1.5517414065266243e-05,0.0001729965240513223,0.0002047598019503988,0.00887027876512219,0.00011106782012654679,0.0
483,0.0,0.0,0.0,0.0,0.0,2.109175122701263e-05,5.069817727378157e-06,0.0,0.0,0.0,0.0,0.0,0.0,0.0,0.0,0.0,0.0,0.0,0.0,0.0,0.0,0.0,0.0,0.0,3.833131029195681e-06,0.0,7.790145174224162e-06,0.0,0.0,0.0,0.0,0.0,0.0,2.0802130138126145e-05,0.0,0.0,0.0,0.0,1.1600349402524004e-06,0.0,0.0,0.0,0.0,0.0,0.0,0.0,0.0,0.0,0.0,0.0007827871299601397,0.00014948392871902825,5.321526639562357e-06,4.324660946581788e-05,0.0006490073265094316,4.662700262976295e-06,5.554419722680823e-05,0.0,2.673082063619353e-05,5.025150880155177e-06,0.0,0.0,0.0,1.128539204746636e-05,0.001907767223565971,0.0002911042967487597,0.009355454535866092,5.20079475195735e-05,0.0
484,0.0003387867893378235,0.0,0.0,0.0,0.001178351990573184,0.0,0.0,0.0006454289797611913,0.0006597549481621112,0.00039481889926285517,0.0009298860167668267,0.0005022907100011367,0.0002116832202944937,0.00042654562428573727,0.00014401235157099056,0.000271184420306051,0.0009831939382816393,0.0012905337773608898,0.00015527950310559007,0.0006035731530661516,0.0003818980332251289,0.001063146590105721,0.0005719187875321705,0.0003823360734085261,0.00019548968248897974,0.0008327655386478915,0.0020006066575554426,0.0043569958949797325,0.0037071362372567192,0.0016086666918020836,0.0014005856994743257,0.029181215511747113,0.0012388092106103371,0.00012481278082875687,0.014519953415498563,0.00923009835747856,0.0002725219964182823,0.00021229168878038424,2.3200698805048008e-06,0.0005777102413514586,0.0,0.0,5.751870076758706e-06,2.5419258901506728e-05,0.0,0.0,0.0006337390027643637,0.00020861936269603876,0.00016805628204885815,0.0007536601669848787,8.793172277589898e-06,0.0002320185614849188,0.0003286742319402159,5.5948907457709616e-05,0.0001184325866795979,0.000237540077501882,8.200586341923448e-05,0.00036086607858861267,0.00011055331936341388,1.9544101264503352e-05,4.9484652688430486e-05,0.00016513135281720205,0.00020313705685439447,0.006263114898524724,0.00017022200403105442,0.01014650198816593,8.197862914102264e-05,3.3874478121321446e-05
485,0.0,1.8732906223071447e-05,0.0,2.9454502611632563e-05,0.0007762159937902721,0.0016367198952161799,0.0002687003395510423,0.00030427366188741877,0.0005340873389883757,0.0002198423416349989,0.00037253197566124423,0.00025114535500056837,5.3626415807938406e-05,7.243227582210633e-05,0.00011721935592987603,0.00011026179726729546,0.0005374793529272961,0.0004154889234430182,0.00014373845895585026,0.00010059552551102527,0.0,0.0002482474271312851,0.000691068534934706,5.939201140326619e-05,0.00010732766881747907,0.0004794710677063618,0.0005677068295715859,9.424285291964359e-05,4.231890681799908e-06,0.0033932813030200203,0.0,0.0,0.0,2.0802130138126145e-05,0.0006996053722989787,3.2301306587851475e-05,0.0005009213838926522,0.00035824222481689843,0.000686740684629421,0.0022287020685312197,0.0025909404991128794,0.0018386469015158825,0.001139828920211017,0.00137899479540674,9.834591997199108e-06,0.004026791523026782,0.0016804120163797158,0.0015561876784893703,0.003888402225905456,0.002368750263963102,0.0003235887398153082,0.0024223589263287853,0.0013319955715471907,0.0012420657455611535,0.0014034727791558648,0.002183950563300885,0.0020665477581647087,0.0007618283881315156,0.010809099543213786,0.0003713379240255637,0.0003216502424747982,0.0009039412572734245,0.0004429516378630546,4.3249131012830574e-05,1.2334927828337277e-05,0.00013711489173197204,0.006383755185368666,0.0022554756682446526
486,0.0,0.0,0.0011023882453916234,0.0,0.0,0.0,0.0,0.0,0.0,0.0,0.0,0.0,0.0,0.0,0.0,0.0,0.0,0.0,0.0,0.0,0.0,0.0,0.0,0.0,0.0,0.0,0.0,0.0,0.0,0.0,0.0,0.0,0.0,0.0,0.0,0.0,0.0,0.0,0.0,0.0,0.0,0.0,0.0,0.0,0.0,0.0,0.0,0.0,0.0,0.0,0.0,0.0,0.0,0.0,0.0,0.0,0.0,0.0,0.0,0.0,0.0,0.0,0.0,0.0,0.0,0.0,0.0,0.0
487OS,0.0,0.0015360983102918587,4.724521051678386e-05,0.004153084868240192,5.6111999551104e-05,0.018685182412010486,0.0,0.004886819418191877,0.004853911404335533,0.0005294162512842831,0.000228139737032855,4.758543568431822e-05,0.0,2.414409194070211e-05,1.6745622275696578e-05,0.0,0.00423428856086626,0.0010701987422017136,0.00043855967769011246,0.0008450024142926122,0.0,0.002131689863409948,0.004408540653893814,0.0015126402904269357,0.00022232159969334952,0.002065090300384418,0.028774848737290498,0.011606751359577156,0.09964832988434243,0.012856765825886966,0.07726867599177838,0.12157296393339034,0.010651204965453825,0.005346147445498419,0.11154306971756052,0.04513300062987548,0.00399958472838641,0.0032905211760959558,0.00017980541573912206,0.008542445274959957,0.0008724692012700429,0.006038407695374438,6.5187860869932e-05,0.0,0.0,0.0,0.00929388284144481,0.002105927890999202,0.0020439845304192376,0.005384119105976999,0.0010780429212325214,0.0024223589263287853,0.013622681981732632,0.001029459897221857,0.0015834530093067497,0.003476830388112124,0.0012751911761690962,0.00603225519023434,0.00256282694887914,0.0036612616368836277,0.00034639256881901343,0.000888039719594731,0.001870553731867549,8.009098335709366e-06,0.0005896095501945218,0.011749691491493602,0.00029574010835282894,0.008446036544916146
493,0.0018709121202238016,0.0,1.574840350559462e-05,0.001217452774614146,0.0,0.0016325015449707775,0.0,0.008953021990687381,0.013666352497643733,0.00031406048804999843,0.0016865013471795865,0.001372046728897842,0.001546698729618434,0.0006438424517520563,0.00013563954043314225,0.0003993265090220971,0.001376471513594295,0.0026817921422231175,0.0032251972469363776,0.013801706100112667,0.005537521481764369,0.013599641660235619,0.008888571156229149,0.0014977922875761191,0.0032683830575608508,0.011591423356129239,0.0128878214226071,0.021164960705690482,0.00030469612908959337,1.2567708529703778e-05,0.013387416556014333,0.014661422727247967,0.0025414745660974954,0.0009777001164919287,0.003736814323896341,0.05499297446581714,0.0013262737159023073,0.0009155079078654071,0.00042573282307263095,0.0028666475009240626,0.0,0.0,1.8214255243069236e-05,0.0,9.834591997199108e-07,0.00011225056856493972,0.001559972929881511,0.0006061238240493019,0.000546182916658789,0.000747106600315445,1.7586344555179795e-05,0.012735477553800634,0.0022747716579020203,0.0005846660829330655,0.0005958930936083705,0.0012574260819005097,0.0007216515980892634,0.0016261249220351065,0.0010050301760310353,0.0005928377383566017,0.002021801524127303,0.0011840529594596412,0.0008689751876549096,0.0004885549984782713,0.0031774774085796824,0.0,0.0023315427320215578,0.0002907559372080091
511,0.0001972042505100764,0.0,5.511941226958117e-05,9.818167537210855e-06,7.4815999401472e-05,0.0005694772831293409,0.0004531149593844227,0.0001383062099488267,1.5708451146716935e-05,5.8325519209285424e-05,0.00019926128930717715,0.00011367631857920463,0.00018063634798463462,2.414409194070211e-05,2.679299564111452e-05,0.0007658724837214846,0.00013109252510421857,0.00017626802812734105,9.442672486150747e-06,0.0,0.0,4.317346558804959e-05,0.0006195786864931846,9.280001781760341e-06,5.749696543793522e-05,2.9441205911794148e-05,0.0016909483868800322,0.0009394524391042366,7.194214159059843e-05,0.0007037916776634117,0.0,0.00010077515157127526,0.00010216983180291439,0.0,0.0025512555193417845,0.0010820937706930245,0.12331231020789535,0.0002520963804267063,0.0007981040388936514,0.005443070899557819,0.0010445053818021641,0.0018495695563763728,0.0006039463580596641,0.0006291266578122914,0.0,0.0006924753384710366,0.002534956011057455,0.00402297068334118,0.00222464503362176,0.003913935649800699,0.0011606987406418664,0.002313799782881713,0.00017298643786327152,0.002215576735325301,0.0019965682526064494,0.0015481467737684846,0.0004715337146605982,0.007738572574178027,0.0002311569404871381,0.0004104261265545704,0.00048777729078595765,0.00020671998982301588,0.001034024046349105,9.290554069422864e-05,0.0031898123364080197,0.00044298657328790963,0.003944670595764261,0.0007480613918458486
512,0.0,0.0,0.0,0.0,0.0,0.0,0.0,0.0,0.0,0.0,0.0,0.0,0.0,0.0,0.0,0.0,0.0,0.0,0.0,0.0,0.0,0.0,0.0,0.0,0.0,0.0,3.7976957724342795e-05,3.174496098345889e-05,3.385512545439926e-05,0.0,0.0,2.7236527451696017e-06,0.0,0.0003328340822100183,4.608179098975309e-05,0.0,0.0002543538633237302,0.15484025050419276,0.04816233064939916,0.0004654537489561515,2.8357612175624364e-05,3.640884953496797e-05,0.0,0.0,0.0,4.7429817703495656e-05,0.0010065266514492836,2.2553444615787976e-05,7.77260304475969e-05,0.0018998061600613997,0.0005029694542781422,4.47008237723238e-05,0.0,0.001018270115730315,3.263890184083406e-05,1.0636122873218596e-05,0.001959940135719704,0.0038848792657934597,0.0014824195096457772,0.00024755861601704243,0.0015552319416363867,0.003713620645577966,0.0006235179106225164,2.7230934341411842e-05,0.0022424898791917167,0.0008015947516638365,0.00015029415342520817,0.0
513,0.002419544458181322,0.00033719231201528605,0.0012480609778183736,0.001413816125358363,0.00551767995585856,0.004028524484359412,0.003829613565818275,0.0030242957908810106,0.006361922714420358,0.0012338090601964225,0.0033874419182220116,0.0030983405901122752,0.0010301916720998694,0.0012233006583289069,0.0007954170580955873,0.0026373429886907157,0.0027791615322094333,0.002851764883631625,0.0013628923955010912,0.0016900048285852245,0.0007001463942460696,0.0018564590202861321,0.006160041940711086,0.0002282880438313044,0.0008407334057369194,0.0018001194471782707,0.00597601511677671,0.006179355061436419,0.002835366756805938,0.0012944739785594893,0.001655237644833294,0.0031485425734160597,0.010957714460862569,0.0020802130138126143,0.004654260889965062,0.003948834730364843,0.006441900905811207,0.004166224392315041,0.11739785602342342,0.0377592508932605,0.01200094147272423,0.007531170526308124,0.0026266873350531423,0.006132396209988498,2.655339839243759e-05,0.005376960333652958,0.004694256776132414,0.009379413779590824,0.005650892483892856,0.006362785061945768,0.0034733030496480093,0.01186806871155197,0.008744464433988375,0.006713868894925154,0.0055271648917321,0.0027074841669493116,0.00504336060028292,0.004308117259199857,0.0033165995809024164,0.006944670649320191,0.014134937578645252,0.005805284447929192,0.0064481908811210905,0.009575677970174118,0.01745885684822858,0.022233707059307464,0.029465587487064127,0.004728312571101118
514,0.0,0.0,0.00014173563155035158,8.836350783489769e-05,0.00023379999812960002,0.009801336795192768,0.0010690978132608688,0.0038080309805910285,0.00629908890983349,0.0023061012979671315,0.004222029057494102,0.004351423729799322,0.0006152925603226617,0.0025995138989489274,0.000807138993688575,0.006079299092575209,0.006633281770273459,0.00402898350005351,0.0013723350679872418,0.0018308385643006598,0.0007637960664502578,0.0034430838806469542,0.003360022876751501,0.00030438405844173923,0.0007461828403500926,0.001825354766531237,0.001724056503870485,0.008103893321058615,0.0025602938624889444,0.0,0.0,0.00032956198216552184,0.0014303776452408016,0.0004160426027625229,0.003573433428569035,0.001421257489865465,0.0098782735082665,0.0007297526801825708,0.0048501060851952865,0.032075239229537145,0.03130869434936767,0.007518427428970886,0.0022930788706011377,0.020697631560551853,1.9669183994398215e-06,0.0009644062933044117,0.0020990812218258568,0.012009709257907097,0.006751661131312876,0.010345897248812711,0.002377673783860308,0.029948487622129035,0.01090679490727927,0.012929792513476692,0.0014929966242050096,0.0031719281990798573,0.0011193800356725505,0.003479461819477858,0.004371881265735004,0.007687346497371318,0.0030539099944859958,0.009816141528578121,0.011195108911086629,0.0025420878117541528,0.009219125058899281,0.005558426764826866,0.011473482117199469,0.007201149473957584
521CI,0.007175200807020471,0.005189015023790791,0.0060513240470247325,0.008070533715587323,0.007210391942316864,0.023789386208947542,0.004818228022657015,0.00492370107417823,0.006573986804901037,0.004275709215880693,0.0055157835156044695,0.005480256009643982,0.003911905911042244,0.006309656027170152,0.003446249064338355,0.004225708879054728,0.007026559345586114,0.009864714288412266,0.003955430585865369,0.0053315628520843395,0.009038253452994718,0.006017301766334411,0.009186445524735487,0.00249446447893718,0.005581038778508912,0.007023830553242318,0.02034006904989929,0.011489691815950652,0.004997862895205691,0.08187862107102012,0.019371737271950087,0.005346530338767928,0.061442382600477644,0.017848227658512232,0.008265397602071166,0.0029232682462005588,0.012779983908224973,0.016147436577857978,0.020543058756929758,0.00855887305433488,0.09443273905230751,0.09003726445749904,0.0011820093007739142,0.026518641848996893,0.050252798187288006,0.06455277239141931,0.03972482536332458,0.007188910471282417,0.010028758631265611,0.011002710263904848,0.0446517288256015,0.009968283701228209,0.009237475781898699,0.00662994553373859,0.005197978253165973,0.00659439618139553,0.004407815158783853,0.006192640114051501,0.004899522108151297,0.012254151492843602,0.02410256047731482,0.00908834038097638,0.024225504703892474,0.0,0.005358292648629713,0.015124827287972915,0.006741199638236243,0.009346533088307941
523,0.0005941410111521532,0.0002809935933460717,0.006027701441766341,0.013342889683069552,0.0558220875534233,0.0013203436268109906,0.0007338561160379881,0.00012908579595223826,0.0003455859252277725,0.004683987850345691,0.0045137013795234476,0.0038253403019560257,0.000369740024781049,0.0021085840294879843,0.0020814808488690845,0.0016986276876313083,0.007341181405836239,0.004400405416464693,8.813160987074031e-05,8.047642040882022e-05,0.0,6.476019838207438e-05,0.00028595939376608524,4.268800819609757e-05,2.6831917204369768e-05,0.00024394142041200866,0.001243988807508921,0.0005456165169031997,0.006614445135653256,0.004285588608628988,0.01333284828200884,0.0008388850455122374,0.019476124187430558,0.0008528873356631719,0.0047422352182182265,0.0002099584928210346,0.0008071841989151029,0.0015921876658528818,0.00020300611454417006,0.00025736854354046026,0.034735239153922286,0.04922840545623019,0.002442627492596864,0.6145360032028266,1.4751887995798663e-06,0.004755629721737165,0.0053681421410628465,0.001423686191371616,0.0009558201041528808,0.0013245486412999947,0.012408924718134862,0.0009482960471700121,0.00025947965679490727,0.0027610785830379696,0.0009474606934367832,0.007012750347742128,0.0010701765176210098,0.006678250022275684,0.003547756521389555,0.0004104261265545704,0.012519617130172914,0.004807157159789659,0.005535484799282249,0.0,9.86794226266982e-06,0.00013711489173197204,0.00881755083115752,0.006602700360480905
524,0.010747631652799162,0.012213854857442584,0.0070277250643715995,0.007864352197305895,0.03169392774644858,0.0047561899016913475,0.00031306124466560115,0.001834862385321101,0.007697141061891298,0.0029925477932764137,0.0030235734768784706,0.004658085426431594,0.0011572016042765655,0.007516860624205257,0.003556770171357953,0.003993265090220971,0.0077475682336593165,0.004305976115682189,0.003905069665939231,0.005935136005150491,0.003818980332251289,0.0019805827338517747,0.001143837575064341,0.0006848641314939133,0.003107391554334632,0.003461444637915226,0.02200764700125665,0.008616772846947623,0.002877685663623937,0.0005152760497178549,0.015642905214908052,0.035731600363880005,0.07763630094123958,0.0048260941920452655,0.015416453712935577,0.021205807774924496,0.0015702457888862934,0.00829264409298376,0.0025555569733760383,0.002729749339466371,0.004827410846030454,0.017672855564273452,0.3290836599916214,0.08314004105210313,0.0036235554213680113,0.044616439016716636,0.024704350718619882,0.01052118191326509,0.00575172625312217,0.008303368970172533,0.0006313497695309546,0.007889695395815152,0.011728480487129808,0.006957246642366191,0.01197101665516534,0.01626617724744231,0.012903622609016546,0.04433752116189967,0.011990010000050252,0.00985022703730969,0.005422104087432312,0.008250451664829836,0.006074362269548768,0.0,0.0019908573514936362,0.036672959888620515,0.001489719174713207,0.030712860163331444
525,0.0,0.0,0.0,0.0,0.0,0.0,0.0,0.0,0.0,0.0,0.0,0.0,0.0,0.0,0.0,0.0,0.0,0.0,0.0,0.0,0.0,0.0,0.0,0.0,0.0,0.0,0.0,0.0,0.0,0.0,0.0,0.0,0.0,0.0,0.0,0.0,0.0,0.0,0.0,0.0,0.0,0.0,0.004561232970869654,0.06573420351929639,0.0,0.0,0.0,0.0,0.0,0.0,0.00016531163881869007,0.0,0.0,0.0,0.0,0.0,0.0,0.0,0.0,0.0,0.0,0.0,0.0,0.0,0.0002442315710010781,0.0,0.00029618085367079145,0.0
HS,0.0,0.0,0.0,0.0,0.0,0.0,0.0,0.0,0.0,0.0,0.0,0.0,0.0,0.0,0.0,0.0,0.0,0.0,0.0,0.0,0.0,0.0,0.0,0.0,0.0,0.0,0.0,0.0,0.0,0.0,0.0,0.0,0.0,0.0,0.0,0.0,0.0,0.0,0.0,0.0,0.0,0.0,0.0,0.0,0.0,0.0,0.0,0.0,0.0,0.0,0.0,0.0,0.0,0.0,0.0,0.0,0.0,0.0,0.0,0.0,0.0,0.0,0.0,0.0,0.0,0.0,0.0,0.0
ORE,0.01270956111941223,0.0003933910306845004,0.003799302345724702,0.0015807249734909477,0.006976591944187265,0.01578084826805085,0.008416531154663662,0.005458485085980361,0.007500785422557336,0.001956148182711419,0.01279026449770272,0.00561508141074955,0.01041763688142635,0.005126595522075748,0.0029087145892884953,0.004803838302564332,0.014328412993891088,0.009499587658719916,0.004433859325163673,0.008932882665379043,0.00789255935331933,0.008068041381766766,0.020767800972261937,0.00026169605024564164,0.005069954641282821,0.0099174805057158,0.03619009317500512,0.09266750923083944,0.0009394797313595796,0.0018851562794555668,0.014260508940102225,0.016344640123762782,0.024674014380403828,0.003369945082376435,0.028327733697519123,0.07015036258216645,0.0180201925822108,0.023484768071330007,0.024439616121237573,0.02393253658603365,0.025454737942579617,0.03998055767434833,0.01969152720778343,0.004397531789960663,0.005448855696048166,0.1356595550925,0.0249566992808066,0.06316092164651423,0.01776985112314114,0.039599562513016114,0.05656647726173581,0.03236658932714617,0.021709797951840575,0.08976162967977643,0.046901169405225956,0.07391750859457817,0.11165098304528774,0.08405061035373786,0.057960090251709805,0.10695835152020534,0.008440667901426571,0.059798344038330044,0.0723957899844967,0.0003588076054397796,0.02459584608970453,0.005199818586450939,0.010159620324353294,0.007376167610917745
532RL,0.006902148767852673,0.0020231538720917163,0.009236438656031245,0.021148332875152182,0.04048480767612154,0.005964747246999171,0.015084608920597781,0.002000829837259693,0.005262331134150173,0.0024272389147864163,0.004505037845205745,0.003127420578586025,0.0014507356697515967,0.0026397540521834306,0.008732842016775764,0.0030545497891615635,0.0030413465824178703,0.0041611845211490155,0.002792932684237032,0.0013680991469499438,0.0988479409331042,0.004106875914063217,0.005409398532075112,0.0017780483413852815,0.004049064077173705,0.003331062154591566,0.01103279310299497,0.005821232220341774,0.05321602532363384,0.07389812615465823,0.11661240154973898,0.02387009265866639,0.011762301886310519,0.0011857214178731903,0.014687523564552211,0.04736179078443723,0.004492719769524254,0.006169727205179917,0.010992491093831746,0.019406683368242365,0.0042942877371287165,0.008457775746973059,0.0035019302317332588,0.00026054740374044393,0.002180820775378902,0.0016790155467037461,0.02774973904864592,0.005694744765486464,0.0057769346954295,0.010090308148704796,0.027448766581724623,0.008382468762638626,0.02075837254359258,0.004666138881972982,0.0036425014454370816,0.004704711684253693,0.002419172970867417,0.002463690635302504,0.008472404383941628,0.013140150750167754,0.006305758599725713,0.009166624874163793,0.003546434450916303,0.00034919668743692837,0.0006093454347198614,0.002278216662623535,0.002815481091144369,0.001549757374050456
5411,0.0009607386563311413,0.0019107564347532876,0.0022913927100640173,0.004369084554058831,0.0038156159694750723,0.01587997949881781,0.003605907858597714,0.003199483656816191,0.003550109959158027,0.0018619300362964194,0.005042176972903352,0.004364641906378299,0.011659511773820713,0.002245400550485296,0.0034747166222070395,0.00528958622025539,0.003893447995595291,0.009996915309507772,0.0012946953164344468,0.0024746499275712214,0.004264528037680606,0.003912595318916994,0.0038127919168811364,0.0009187201763942739,0.005279499137545518,0.004483475071710366,0.008410435483721761,0.00427564943245962,0.0025899170972615436,0.011398911636441328,0.0027829819742801534,0.0005910326457018036,0.002605330710974317,0.000998502246630055,0.00267693313113202,0.0026487071402038214,0.012159671935425264,0.0038146162827725296,0.004304889663276658,0.012879379029939629,0.006214098081418485,0.019180181935021128,0.01257358798779453,0.01767273975127255,0.0009765749853218714,0.010559458414721582,0.0021908443353482986,0.008260199090532347,0.008365001438981915,0.010932805552764222,0.01858173165700297,0.009128546797505268,0.004212219761970662,0.0012420657455611535,0.0054245854859466215,0.01811331725309127,0.006671176989154724,0.0025394279604383854,0.011226187066266664,0.010208535560492251,0.004524311102942216,0.002678797501256833,0.006298659436492162,0.0,0.0002837033400517574,0.0008015947516638365,0.0050381597296291925,0.00336486482671793
5415,0.001218621137767395,0.0006181859053613578,0.009775821476097861,0.00550799198837529,0.0010567759915457921,0.005203335027704015,0.003110333175746499,0.0020100502512562816,0.0026311655670750865,0.0012697016874021365,0.00458878534361021,0.0064504701705409145,0.0017612043928501876,0.0008208991259838717,0.001110234756878683,0.011780132016151863,0.0038541202380640255,0.003109871639103803,0.0011740389457780762,0.0017101239336874295,0.0005091973776335052,0.001716145257124971,0.005600038127919169,0.0010245121967063417,0.0006720756404523094,0.002346884699825876,0.009565811389873882,0.005596041403365362,0.0017816259770377612,0.015345172114768314,0.0002910307946959638,0.0015579293702370123,0.0021455664678612023,8.320852055250458e-05,0.0009467713421531088,0.002438748647382787,0.023076124477666174,0.002520963804267063,0.005626169460224142,0.026842991498624173,0.013412205305331137,0.016762634325899254,0.006630947553489995,0.010409186520167004,0.00043026339987746096,0.0028750374497935618,0.0012129936568747778,0.012240882065218924,0.012492883866806994,0.006937314406632792,0.0038109608651074613,0.015595265969901446,0.0038662468862441183,0.004263306748277473,0.0034774418561277208,0.005144338096346728,0.003440145970436886,0.005292702485966319,0.0019397082397398981,0.006058671391996039,0.0034992718686818703,0.004938039046837367,0.00454237029910521,0.00637043681622323,0.028022489040416626,0.0011074664332197742,0.011986068921989841,0.013490510911816266
5412OP,0.00592118403454614,0.010509160391143081,0.007240328511697126,0.014913796489023289,0.017815559857475523,0.03479084364895733,0.02959506098356999,0.012078742335530865,0.016737354696826894,0.009848039589567807,0.01396272947536524,0.012694736786449784,0.01713505107210495,0.011709884591240524,0.007552275646339156,0.013663522715420262,0.02686085839385438,0.024148719853445726,0.01257868893738459,0.011568485433767905,0.009420151486219846,0.012919659577223838,0.01842055094843199,0.004255808817115293,0.012419344534594007,0.016979164037987566,0.058841400921282046,0.05335831926304073,0.00818447657860102,0.02480865663763526,0.02553795223457082,0.008595848063755263,0.020382881444681422,0.012314861041770677,0.010326510435431032,0.017313500331088392,0.056378312439980274,0.03915454834943212,0.050145990397230764,0.08677974454803072,0.05898572383277705,0.067072382613318,0.03137932720375712,0.025571774454915767,0.0013488142924158576,0.040911379757111906,0.022163659512967275,0.030872846498436763,0.05613289890784424,0.09019819441956517,0.0736639214382816,0.04733072223759552,0.02256608081926377,0.01890513582996008,0.025890109480202175,0.03970110131143395,0.034409660290710783,0.019976833288781966,0.04008060342011769,0.04611104958338491,0.03249020910800379,0.027310279365553112,0.03721781229853812,0.05617261208733121,0.023892755203489303,0.014091191950301125,0.027145944878627554,0.05432901716024604
55,0.0,0.0,0.0535721316251565,0.04907120135097985,0.044272367645821056,0.0001307688576074783,0.006071740455751265,0.0032548061407957217,0.017648444863336474,0.004742313369554977,0.013370721296988844,0.04087324561751356,0.015684315402353353,0.01795515637323547,0.012339849054960807,0.016294905606961393,0.006305550457512913,0.025262985602679273,0.02355841866711432,0.013399323998068566,0.013175482146266947,0.012671412150092553,0.005683442951100944,0.006685313283580151,0.027796588513384016,0.0075075075075075074,0.04289010490891129,0.026074517327788548,0.013021527627898316,8.797395970792646e-05,0.027993524564818014,0.011910533454626669,0.0019156843463046449,4.160426027625229e-05,0.026379730714770473,0.013501946153721918,0.010675075916841859,0.0019437957753953932,0.003956879181200938,0.00737333497611127,0.008961950701236487,0.019387712377370445,0.006367320174971888,0.008362936178595713,4.3272204787676076e-05,0.0055880230224335135,0.02667725765935238,0.014738676056417441,0.009873306570370418,0.011024555486136295,9.320762614245291e-05,0.024155473722301455,0.026103653473567672,0.02081299357426798,0.04792789600313333,0.012535261701803295,0.02626237776000984,0.021914817784905997,0.012487499937185615,0.013570120977986827,0.06740163157969149,0.05593182399199541,0.010636482004737043,0.0,0.0,0.0008543312484838257,1.762981271849949e-06,0.0
561,0.0015093709942886615,0.0008429807800382151,0.0012362496751891776,0.00619526371598005,0.01965790384273677,0.03147311118094824,0.0050533408197641775,0.005781199575860956,0.008474709393653785,0.014482675077505641,0.026562396218078484,0.00923421815807353,0.008106056115810478,0.003935486986334444,0.005502611479793895,0.024805924336566688,0.005191263994127055,0.011595918136091508,0.004426515024341111,0.005009657170449058,0.01750365985615174,0.009120394605475474,0.03607854351348775,0.003944000757248146,0.006135565067399221,0.008453831983243749,0.03350833569877846,0.019394187100831916,0.018205593713103204,0.010129573074941245,0.10351601578842061,0.027792152611710617,0.0793476456239384,0.01732817440505908,0.03983561368377837,0.046295847667038134,0.048041734797165773,0.009871563528287868,0.0432287020485057,0.04643859432967815,0.02299424245947461,0.023385404056309927,0.009788724225630525,0.0013599303512306098,0.001697450578716566,0.07733036528074104,0.05863089434624517,0.02788733426742183,0.06583394778911457,0.038922360623841294,0.02911419341110015,0.07282722067306668,0.039977165790202045,0.013402560781494339,0.02444187477852174,0.04415172783816076,0.03458597289706214,0.014595028067361668,0.02848255518871954,0.02058645333194353,0.018450706216686225,0.012749363632694051,0.021924695400215268,0.009335405020102838,0.024166590601278393,0.006075244433662761,0.016397488809476377,0.01963590581765933
562,0.0007458365884675965,9.366453111535724e-05,0.0012992432892115562,0.0009818167537210855,0.001393447988852416,0.0012001206448170184,0.001314350245822787,0.0010050251256281408,0.001955702167766258,0.0012068895897921368,0.0010540633419872415,0.0007375742531069324,0.0004318337694007671,0.0004748338081671415,0.0003600308789274764,0.0008016330666189859,0.0013502530085734512,0.0008876354273555389,0.001261121369817022,0.0013278609367455335,6.364967220418815e-05,0.0015920215435593285,0.0011200076255838338,0.0009187201763942739,0.0024468153069699097,0.0013290601525895644,0.0014075818561676283,0.0014305073043171163,0.0002666091129533942,0.0017846146112179366,0.00018189424668497737,0.0021298964467226286,0.00043422178516238616,0.0003120319520718922,0.0011101522374804152,0.002236865481208715,0.0001972540164551377,0.00035824222481689843,0.00013804415789003564,0.0002354648377072296,0.0006749111697798598,0.0002566823892215242,0.001905786285432718,0.005369818442943296,1.4751887995798663e-06,0.023741785748446476,0.0018524678542342942,0.0008711267982848105,0.0006449159823624932,0.0013747926524323199,0.0015106669972899443,0.0020008940164754465,0.09516848879047883,0.0008476259479843007,0.0013913497584721263,0.0020244087202026064,0.0032884351231113025,0.0024681457720752025,0.0006231187091392419,0.0030879679997915296,0.003994118395566175,0.0025417996381788583,0.002162563251095741,0.00014736740937705233,0.0032046142498020243,0.0025840883441794727,0.009165298887029922,0.009792547050238675
61,5.056519243848112e-06,0.0,0.0,0.0,0.0,0.00033114049426409824,3.168636079611348e-06,0.0,0.0,0.0,0.0,0.0,0.0,0.0,0.0,0.0,0.0,0.0,0.0,0.0,0.0,0.0,0.0002978743685063388,9.280001781760341e-06,0.0,4.205886558827735e-06,0.0009099863331640599,0.002864982728757165,0.0007448127599967838,0.00015081250235644535,0.0,0.0,0.0,4.160426027625229e-05,0.00015919164160096522,0.0,0.0,0.0,2.5520768685552808e-05,0.0003039139184360754,2.4576597218874448e-05,9.102212383741992e-06,0.0,0.0,0.0,0.0,0.0,0.0,0.0002331780913427907,3.058331112402407e-05,0.0,0.00030439132378296685,0.0,0.005799104257991602,0.0,3.5453742910728656e-06,0.0,0.0,0.010115628721752371,0.0013029400843002235,0.0,0.0,0.0024912502944781987,0.0,3.7004783485011827e-05,0.0006433852612038688,0.00329941945026718,1.9760112237437508e-05
621,0.0,0.0,0.0,0.0,0.0,0.0,0.0,0.0,0.0,0.0,0.0,0.0,0.0,0.0,0.0,0.0,0.0,0.0,0.0,0.0,0.0,0.0,0.0,0.0,0.0,0.0,0.0,0.0,0.0,0.0,0.0,0.0,0.0,0.0,0.0,0.0,0.0,0.0,0.0,0.0,0.0,0.0,0.0,0.0,0.0,0.0,0.0,0.0,0.0,4.805948890918067e-05,0.0,7.024415164222313e-05,0.0,0.0,0.013321334651323274,0.010265040364086304,0.0002460175902577034,4.4551367726989215e-06,0.0004723641827345866,1.3029400843002235e-05,0.0,0.0,7.194437430259803e-05,0.0,0.0024521836522734507,0.0,0.003892662648244688,0.0
622,0.0,0.0,0.0,0.0,0.0,0.0,0.0,0.0,0.0,0.0,0.0,0.0,0.0,0.0,0.0,0.0,0.0,0.0,0.0,0.0,0.0,0.0,0.0,0.0,0.0,0.0,0.0,0.0,0.0,0.0,0.0,0.0,0.0,0.0,0.0,0.0,0.0,0.0,0.0,0.0,0.0,0.0,0.0,0.0,0.0,0.0,0.0,0.0,0.0,0.0,0.0,0.0,0.0,0.0,0.0,0.019178111331843488,0.0,0.0,0.0,0.0,0.0,0.0,0.0,0.0,0.0,0.0,0.0,0.0
623,0.0,0.0,0.0,0.0,0.0,0.0,0.0,0.0,0.0,0.0,0.0,0.0,0.0,0.0,0.0,0.0,0.0,0.0,0.0,0.0,0.0,0.0,0.0,0.0,0.0,0.0,0.0,0.0,0.0,0.0,0.0,0.0,0.0,0.0,0.0,0.0,0.0,0.0,0.0,0.0,0.0,0.0,0.0,0.0,0.0,0.0,0.0,0.0,0.0,0.0,0.0,0.0,0.0,0.0,0.0,0.0,0.0,0.0,0.0,0.0,0.0,0.0,0.0,0.0,0.00386823336696657,0.0,0.00039623004084827606,0.0
624,0.0,0.0,0.0,0.0,0.0,0.0,0.0,0.0,0.0,0.0,0.0,0.0,0.0,0.0,0.0,0.0,0.0,0.0,0.0,0.0,0.0,0.0,0.0,0.0,0.0,0.0,0.0,0.0,0.0,0.0,0.0,0.0,0.0,0.0,0.0,0.0,0.0,0.0,0.0,0.0,0.0,0.0,0.0,0.0,0.0,0.0,0.0,0.0,0.0,0.0,0.0,0.0,0.0,0.0,0.0,0.0,0.0,0.0,0.0,0.0,0.0,0.0,0.0,0.0,0.0,0.0,0.0006210101530091446,0.0
711AS,0.0002123738082416207,0.0,0.0,0.0,0.000215095998279232,0.0004323809001537589,0.0001102685355704749,0.00017518786593518048,0.000235626767200754,0.00015703024402499922,0.00018482206544433825,0.00013218176578977284,1.975710056081941e-05,3.2192122587602815e-05,5.693511573736836e-05,5.6620922921043615e-05,0.0002359665451875934,0.00018256331484617466,9.5475910693302e-05,0.00010059552551102527,0.0,0.00016729717915369213,0.0003812791916881136,5.939201140326619e-05,4.72752826934134e-05,0.00039114744997097937,0.0014689292494146436,0.0004950229853358121,0.0,0.0017720469026882328,0.0,0.00013345898451331048,0.00021711089258119308,0.0,0.0009802853719638384,4.845195988177722e-05,0.0005242804121570765,0.04478691221738669,0.0343335541266503,0.0010404260270784563,0.0020776677187340784,0.001050395309083826,0.00019172900255862353,0.0021669918213534484,4.917295998599554e-07,0.004057620904534053,0.0007742512703456028,0.0016774124432992307,0.0019977690528558013,0.002813664623410214,0.006902640237908069,0.0020126013750824834,0.0007611403265983947,0.003617096867140927,0.000705932819814611,0.0009336152299825213,0.0006601472005248375,0.0012385280228103003,0.10418645319825728,0.0037850409448921493,0.0008730506581458808,0.0033234213748469478,0.002295166607653471,0.0,3.453779791934437e-05,0.00025313518473594836,0.000536387051960347,9.597768801041076e-05
713,5.056519243848112e-05,0.0,0.0,0.0,0.000112223999102208,9.913123076695934e-05,5.386681335339291e-05,3.688165598635379e-05,7.854225573358467e-05,2.691947040428558e-05,4.620551636108456e-05,2.9079988473750023e-05,5.644885874519832e-06,8.048030646900704e-06,1.339649782055726e-05,1.4900242873958846e-05,6.554626255210928e-05,5.036229375066887e-05,1.7836159140506965e-05,0.0,0.0,3.238009919103719e-05,9.53197979220284e-05,7.424001425408274e-06,1.277710343065227e-05,6.308829838241603e-05,0.00021033391970405238,0.00029264885906626166,0.0,0.0,0.0,0.0,0.0,0.0,2.094626863170595e-05,8.075326646962869e-06,6.748163720833658e-05,4.6438806920709055e-05,4.640139761009602e-05,0.0003011759552069216,0.00034407236106424226,0.000242118849407537,2.7800705371000414e-05,0.00018428962703592378,4.917295998599554e-07,0.0,0.00014337986487881533,0.00023399198788880024,0.0005335786955051247,0.0002417537926946664,0.001364700337481952,0.00042891504714872604,0.00019028508164959867,0.00013987226864427404,0.0002042262715183617,1.181791430357622e-05,8.61061565901962e-05,0.0002049362915441504,0.0006984959723415696,0.001335513586407729,0.0011169393035388596,0.0008550134490312905,6.630167827886486e-05,3.203639334283746e-06,4.93397113133491e-06,0.0,0.00022786532938660594,0.00025123571273313406
721,2.528259621924056e-06,0.0,3.937100876398655e-06,7.854534029768684e-05,0.0018797519849619842,0.0025731936496955405,0.0002610956129599751,0.0006823106357475451,0.0012566760917373547,0.0005204430944828546,0.0008894561899508778,0.0006238979345277278,0.00012700993217669622,0.00019315273552561688,0.0002763027675489935,0.00026224427458167567,0.00127159749351092,0.0010135411617322111,0.00034308376699681046,0.00032190568163528087,0.0001272993444083763,0.0005828417854386694,0.002275760175388428,0.0001410560270827572,0.0002580974892991759,0.001383736677854325,0.0017040942568615355,0.0002450314175910733,0.0,0.00017594791941585291,0.0,0.0,0.0,6.240639041437844e-05,0.0013950214908716161,0.00012112989970444304,0.0014249007241298763,0.0011410678271945654,0.0009837096293340356,0.006327433022574507,0.007206614507565338,0.005150031766721219,0.0005675178475735257,0.0039018562413812826,1.0326321597059063e-05,0.010901743599148476,0.003355088838164279,0.00390174591853132,0.011354302555925979,0.004852552031678485,0.0016566336570979366,0.005807914174418357,0.004618737890949349,0.0022659307520372395,0.002842382080310349,0.00025053978323581587,0.0010660762244500482,0.0006727256526775372,0.0006281438600193971,0.0014136899914657425,0.0017743782606851504,0.002653110401929713,0.0011736807729365013,0.002297009402681446,0.00222028700910071,0.0005062703694718967,0.0013217952085694993,0.00048271131322883055
722,0.001120019012512357,0.00014986324978457158,3.149680701118924e-05,0.00029454502611632563,0.0036566319707469442,0.005102094621814355,0.0003168636079611348,0.0009958047116315522,0.0015865535658184102,0.0007806646417242818,0.0010569511867598092,0.0008142396772650006,0.00014394458980025572,0.00038630547105123375,0.00034161069442421014,0.00036356592612459584,0.0014813455336776698,0.0011520374695465506,0.000517248615074702,0.0006840495734749719,0.0003818980332251289,0.0008580726285624855,0.0020732056048041177,0.00030995205951079544,0.0003143167443940459,0.0015393544805309511,0.004207165278154437,0.003532618939440535,0.030905497649184727,3.770312558911134e-05,0.0003092202193644615,0.0022061587235873777,0.0018007432855263663,0.00035363621234814444,0.005479543874054276,0.0024468239740297495,0.0012769602117885229,0.0016518947033223649,0.0009465885112459587,0.005675797774035895,0.01059534916255245,0.005241053890558639,0.0032545998184326345,0.009303448757951463,8.359403197619243e-06,0.03126810732102951,0.008436471249469495,0.007104335053973212,0.015127166087922845,0.012136477297716884,0.008170615680336533,0.011294408139807147,0.004341959590368115,0.004842377940464768,0.019353936251562006,0.015318380520295495,0.027750784181068945,0.010086429653390358,0.0025779024015196057,0.007908846311702356,0.027654851616734297,0.006865794691577445,0.0032219794295516454,0.0008313444072466322,0.0007104918429122272,0.002489162649903492,0.003940703887902599,0.0015977462180556613
81,0.0008722495695637994,0.0008429807800382151,0.0001929179429435341,0.0010701802615559833,0.00462923996296608,0.0032860948411685673,0.003710472849224888,0.0033285694527684295,0.0075322023248507695,0.004491064979114978,0.004554131206339396,0.0027467370931114794,0.0016059700313008922,0.0011428203518598998,0.0014066322711585124,0.0017463084648279767,0.0020057156340945437,0.0026188392750347814,0.001827681718986067,0.001971672300016095,0.0003818980332251289,0.005445253347292754,0.00406300638642646,0.0011507202209382825,0.002702357375582955,0.003444621091679915,0.008722528174764117,0.0058559532714174325,0.0017350751795379622,0.0013196093956188968,0.007366716990741583,0.017537600026147068,0.016564283981047496,0.0030995173905807956,0.009538930734878888,0.0073323965954422855,0.003877598691894417,0.0019836004670417155,0.004070562605345673,0.005955070023409586,0.0063558861422966075,0.00668284433214337,0.0058333549028461214,0.0015823488666187938,0.00915305477179321,0.005041789621881588,0.028010690402725365,0.003360463247752408,0.0047854026313412365,0.005754031535762813,0.0106713938760831,0.013354903254645693,0.03829919734292832,0.0064565039206196904,0.005600835555887126,0.013708780592148414,0.006076634479365275,0.003145326561525439,0.003949768591801969,0.008482139948794454,0.007666586548657552,0.010391043275423196,0.009035367008002754,0.012870621025484951,0.020747348607263297,0.005695541656558838,0.008981948834757529,0.006667626443546771
GFGD,0.0,0.0,0.0,0.0,0.0,0.0,0.0,0.0,0.0,0.0,0.0,0.0,0.0,0.0,0.0,0.0,0.0,0.0,0.0,0.0,0.0,0.0,0.0,0.0,0.0,0.0,0.0,0.0,0.0,0.0,0.0,0.0,0.0,0.0,0.0,0.0,0.0,0.0,0.0,0.0,0.0,0.0,0.0,0.0,0.0,0.0,0.0,0.0,0.0,0.0,0.0,0.0,0.0,0.0,0.0,0.0,0.0,0.0,0.0,0.0,0.0,0.0,0.0,0.0,0.0,0.0,0.0,0.0
GFGN,0.0,0.0,0.0,0.0,0.0,0.0,0.0,0.0,0.0,0.0,0.0,0.0,0.0,0.0,0.0,0.0,0.0,0.0,0.0,0.0,0.0,0.0,0.0,0.0,0.0,0.0,0.0,0.0,0.0,0.0,0.0,0.0,0.0,0.0,0.0,0.0,0.0,0.0,0.0,0.0,0.0,0.0,0.0,0.0,0.0,0.0,0.0,0.0,0.0,0.0,0.0,0.0,0.0,0.0,0.0,0.0,0.0,0.0,0.0,0.0,0.0,0.0,0.0,0.0,0.0,0.0,0.0,0.0
GFE,2.7810855841164617e-05,7.493162489228579e-05,0.0,2.9454502611632563e-05,0.0,0.000658062638282794,5.703544943300426e-06,0.0,0.0,0.0001480570872235707,0.00034654137270813417,0.0007692978768964779,0.0002455525355416127,0.0011991565663882048,0.0,0.0,0.0,0.00010701987422017135,0.0,2.0119105102205054e-05,0.0,0.0,0.0006553236107139453,7.980801532313894e-05,7.921804127004408e-05,0.0,0.010232842570416826,0.004434374237376914,1.2695672045399724e-05,0.0,0.04510977317787438,0.008249944165118725,0.00436776030957459,0.0006032617740056582,0.003229914623009057,0.005580050713051343,0.001414518933790132,0.0012803842479566926,0.00024360733745300408,0.0033321012498802142,0.001684442163232087,0.005057189200407051,0.00010065772634327736,0.0,0.0,0.0004885271223460053,0.0038282423922643694,0.0010346392717492734,0.0010944665368431887,0.001578681393259147,0.000425589538235351,0.0011696715553758063,0.001124411846111265,0.0015945438625447241,0.0009493257735419736,0.0026294859325457086,0.0010414744654242778,0.002570613917847278,0.000768848084663742,0.0005211760337200894,0.0026686366271260727,0.006644396359281789,0.001042488090384705,1.601819667141873e-06,0.00026396745552641774,0.0008543312484838257,0.0008938315048279242,0.0002992245567383394
GSLG,0.0,0.0,0.0,0.0,0.0,0.0,0.0,0.0,0.0,0.0,0.0,0.0,0.0,0.0,0.0,0.0,0.0,0.0,0.0,0.0,0.0,0.0,0.0,0.0,0.0,0.0,0.0,0.0,0.0,0.0,0.0,0.0,0.0,0.0,0.0,0.0,0.0,0.0,0.0,0.0,0.0,0.0,0.0,0.0,0.0,0.0,0.0,0.0,0.0,0.0,0.0,0.0,0.0,0.0,0.0,0.0,0.0,0.0,0.0,0.0,0.0,0.0,0.0,0.0,0.0,0.0,0.0,0.0
GSLE,0.0,1.8732906223071447e-05,0.0,0.0,0.0,0.0007951590212583761,0.0,0.0005532248397953068,0.0012880929940307885,0.0008030975337278532,0.0007277368826870818,0.0005287270631590913,0.00028224429372599157,0.00031387319522912746,0.00025453345859058796,0.0005930296663835621,0.0006161348679898272,0.0006106428117268601,0.0008949555145207319,0.0010059552551102528,0.0001272993444083763,0.0011009233724952644,0.000691068534934706,0.0006440321236541677,0.0018015715837219701,0.0008159419924125806,0.0008315979973484293,0.0009374683790427704,1.692756272719963e-05,0.0,0.0,0.0011439341529712328,7.662737385218579e-05,0.000145614910966883,0.00048595343225557797,0.0014939354296881308,0.00017908588336058552,0.0003317057637193504,0.00011252338920448284,0.00024367872739469108,0.0006229222141245485,0.0003458840705821957,9.490585626651865e-05,0.0,0.0,0.001648976662158199,0.003131416248953327,0.0015731027619512112,0.0005671899519148963,0.0007398248595716297,0.001020007984200428,0.0013686966516954385,0.006071823969000831,0.00037206023459376896,0.0006546431169218718,0.0008957979042110774,0.0020378457059679767,0.0016795865633074936,0.0004673390318544314,0.0013550576876722323,0.0028418329115355795,0.0017577315110986617,0.001606757692758023,0.0020503291739415977,0.0018255693185939168,0.002721203235911445,0.002811073637964744,0.0039181479693661805
